{"cameraMode":{"drawMode":0,"name":"Shaded","section":"Shading Mode"},"sceneLighting":true,"audioPlay":false,"sceneViewState":{"showFog":true,"showMaterialUpdate":false,"showSkybox":true,"showFlares":true,"showImageEffects":true,"showParticleSystems":true},"in2DMode":false,"pivot":{"x":1.4355864524841309,"y":1.9798383712768555,"z":-6.256329536437988},"rotation":{"x":0.18954919278621674,"y":-0.5353617668151856,"z":0.12472936511039734,"w":0.8135800361633301},"size":116.00318908691406,"orthographic":true}